{
    "inflow": {
        "MAE": 30.56390953063965,
        "MSE": 3537.54345703125,
        "RMSE": 59.47725296020508,
        "NRMSE": 0.06302957236766815
    },
    "travel time forward": {
        "MAPE": 0.34432133453407493,
        "EMD": 161.9195813441554,
        "HLD": 0.5995549036856918,
        "NRMSE": 0.40446017561734676
    },
    "travel time reversed": {
        "MAPE": 0.34432133453407493,
        "EMD": 161.9195813441554,
        "HLD": 0.5995549036856918,
        "NRMSE": 0.40446017561734676
    },
    "queue length": {
        "MAE": 72.36426544189453,
        "MSE": 14693.9111328125,
        "RMSE": 121.21844482421875,
        "NRMSE": 0.12238600105047226
    },
    "waiting time": {
        "MAPE": 0.2613633220472293,
        "EMD": 61.25649277515943,
        "HLD": 0.4452909425368806,
        "NRMSE": 0.056146834263315154
    }
}